AREA GEOGRAFICA;RIVADAVIA
RIVADAVIA A.G. 1;2
RIVADAVIA A.G. 2;4
RIVADAVIA A.G. 3;2
RIVADAVIA A.G. 4;4
RIVADAVIA A.G. 5;2
RIVADAVIA A.G. 6;1
RIVADAVIA A.G. 7;3
RIVADAVIA A.G. 8;1
RIVADAVIA A.G. 9;4
RIVADAVIA A.G. 10;3
RIVADAVIA A.G. 11;3
RIVADAVIA A.G. 12;4
RIVADAVIA A.G. 13;4
RIVADAVIA A.G. 14;1
RIVADAVIA A.G. 15;5
RIVADAVIA A.G. 16;1
RIVADAVIA A.G. 17;2
RIVADAVIA A.G. 18;3
RIVADAVIA A.G. 19;4
RIVADAVIA A.G. 20;3
RIVADAVIA A.G. 21;4
RIVADAVIA A.G. 22;4
RIVADAVIA A.G. 23;8
RIVADAVIA A.G. 24;2
RIVADAVIA A.G. 25;2
RIVADAVIA A.G. 26;5
RIVADAVIA A.G. 27;4
RIVADAVIA A.G. 28;6
RIVADAVIA A.G. 29;1
RIVADAVIA A.G. 30;8
RIVADAVIA A.G. 31;4
RIVADAVIA A.G. 32;3
RIVADAVIA A.G. 33;3
RIVADAVIA A.G. 34;5
RIVADAVIA A.G. 35;2
RIVADAVIA A.G. 36;2
RIVADAVIA A.G. 37;2
RIVADAVIA A.G. 38;3
RIVADAVIA A.G. 39;1
RIVADAVIA A.G. 40;6
RIVADAVIA A.G. 41;4
RIVADAVIA A.G. 42;4
RIVADAVIA A.G. 43;5
RIVADAVIA A.G. 44;4
RIVADAVIA A.G. 45;4
RIVADAVIA A.G. 46;1
RIVADAVIA A.G. 47;3
RIVADAVIA A.G. 48;4
RIVADAVIA A.G. 49;4
RIVADAVIA A.G. 50;3
RIVADAVIA A.G. 51;5
RIVADAVIA A.G. 52;3
RIVADAVIA A.G. 53;3
RIVADAVIA A.G. 54;4
RIVADAVIA A.G. 55;2
RIVADAVIA A.G. 56;3
RIVADAVIA A.G. 57;5
RIVADAVIA A.G. 58;7
RIVADAVIA A.G. 59;1
RIVADAVIA A.G. 60;3
RIVADAVIA A.G. 61;3
RIVADAVIA A.G. 62;3
RIVADAVIA A.G. 63;3
RIVADAVIA A.G. 64;3
RIVADAVIA A.G. 65;3
RIVADAVIA A.G. 66;3
RIVADAVIA A.G. 67;4
RIVADAVIA A.G. 68;1
RIVADAVIA A.G. 69;1
RIVADAVIA A.G. 70;3
RIVADAVIA A.G. 71;5
RIVADAVIA A.G. 72;5
RIVADAVIA A.G. 73;4
RIVADAVIA A.G. 74;3
RIVADAVIA A.G. 75;3
RIVADAVIA A.G. 76;6
RIVADAVIA A.G. 77;1
RIVADAVIA A.G. 78;6
RIVADAVIA A.G. 79;4
RIVADAVIA A.G. 80;4
RIVADAVIA A.G. 81;1
RIVADAVIA A.G. 82;1
RIVADAVIA A.G. 83;1
RIVADAVIA A.G. 84;5
RIVADAVIA A.G. 85;5
RIVADAVIA A.G. 86;6
RIVADAVIA A.G. 87;4
RIVADAVIA A.G. 88;6
RIVADAVIA A.G. 89;1
RIVADAVIA A.G. 90;4
RIVADAVIA A.G. 91;7
RIVADAVIA A.G. 92;5
RIVADAVIA A.G. 93;1
RIVADAVIA A.G. 94;3
RIVADAVIA A.G. 95;3
RIVADAVIA A.G. 96;3
RIVADAVIA A.G. 97;3
RIVADAVIA A.G. 98;2
RIVADAVIA A.G. 99;4
RIVADAVIA A.G. 100;4
RIVADAVIA A.G. 101;4
RIVADAVIA A.G. 102;1
RIVADAVIA A.G. 103;8
RIVADAVIA A.G. 104;1
RIVADAVIA A.G. 105;8
RIVADAVIA A.G. 106;1
RIVADAVIA A.G. 107;14
RIVADAVIA A.G. 108;5
RIVADAVIA A.G. 109;2
RIVADAVIA A.G. 110;3
RIVADAVIA A.G. 111;1
RIVADAVIA A.G. 112;11
RIVADAVIA A.G. 113;7
RIVADAVIA A.G. 114;10
RIVADAVIA A.G. 115;11
RIVADAVIA A.G. 116;3
RIVADAVIA A.G. 117;12
RIVADAVIA A.G. 118;2
RIVADAVIA A.G. 119;6
RIVADAVIA A.G. 120;7
RIVADAVIA A.G. 121;3
RIVADAVIA A.G. 122;2
RIVADAVIA A.G. 123;3
RIVADAVIA A.G. 124;3
RIVADAVIA A.G. 125;3
RIVADAVIA A.G. 126;5
RIVADAVIA A.G. 127;7
RIVADAVIA A.G. 128;5
RIVADAVIA A.G. 129;2
RIVADAVIA A.G. 130;3
RIVADAVIA A.G. 131;5
RIVADAVIA A.G. 132;1
RIVADAVIA A.G. 133;6
RIVADAVIA A.G. 134;9
RIVADAVIA A.G. 135;4
RIVADAVIA A.G. 136;2
RIVADAVIA A.G. 137;1
RIVADAVIA A.G. 138;2
RIVADAVIA A.G. 139;11
RIVADAVIA A.G. 140;3
RIVADAVIA A.G. 141;1
RIVADAVIA A.G. 142;4
RIVADAVIA A.G. 143;1
RIVADAVIA A.G. 144;3
RIVADAVIA A.G. 145;10
RIVADAVIA A.G. 146;11
RIVADAVIA A.G. 147;3
RIVADAVIA A.G. 148;1
RIVADAVIA A.G. 149;1
RIVADAVIA A.G. 150;8
RIVADAVIA A.G. 151;1
RIVADAVIA A.G. 152;7
RIVADAVIA A.G. 153;10
RIVADAVIA A.G. 154;11
RIVADAVIA A.G. 155;8
RIVADAVIA A.G. 156;4
RIVADAVIA A.G. 157;3
RIVADAVIA A.G. 158;9
RIVADAVIA A.G. 159;6
RIVADAVIA A.G. 160;4
RIVADAVIA A.G. 161;4
RIVADAVIA A.G. 162;9
